measurement_time,FORT
6903621050949603328,18.872957229614258
6903621051812891648,18.89803123474121
6903621052667589632,18.85101890563965
6903621053586712576,18.81340789794922
6903621054518720512,18.87609100341797
6903621055248865280,18.879226684570312
6903621056107858944,18.882360458374023
6903621056966852608,18.869823455810547
6903621057821550592,18.838481903076172
6903621058684838912,18.807140350341797
6903621059732811776,18.778932571411133
