measurement_time,FORT
6903694772572884992,10.996825218200684
6903694773483418624,10.996825218200684
6903694774295166976,11.003093719482422
6903694775154160640,11.012495994567871
