measurement_time,FORT
6903909585963490304,19.180105209350586
6903909586822483968,19.16756820678711
6903909587681477632,19.14876365661621
6903909588549060608,19.026531219482422
6903909589498248192,19.10488510131836
6903909590254162944,19.079811096191406
6903909591113155584,19.095481872558594
6903909591972149248,19.095481872558594
6903909592831142912,19.020263671875
6903909593690136576,18.98578643798828
6903909594635029504,19.029664993286133
6903909595408122880,19.061006546020508
