measurement_time,FORT
6903632203884453888,-0.25479185581207275
6903632204863707136,-0.2610601782798767
6903632205606735872,-0.25792601704597473
6903632206457139200,-0.25479185581207275
6903632207316132864,-0.24225525557994843
6903632208175126528,-0.24225525557994843
6903632209038414848,-0.25479185581207275
6903632209948948480,-0.2485235631465912
6903632210855186432,-0.2453894019126892
