measurement_time,FORT
6903775074360942592,18.85415267944336
6903775075219936256,18.907432556152344
6903775076078929920,18.95758056640625
6903775076937923584,18.932506561279297
6903775077796917248,18.901165008544922
6903775078724629504,18.85415267944336
6903775079519198208,18.863555908203125
6903775080373897216,18.816543579101562
