measurement_time,FORT
6903665149002329088,-0.28613340854644775
6903665149865617408,-0.28926756978034973
6903665150720315392,-0.27046263217926025
